obs_post_id,obs_post_name,obs_lat,obs_lon,date,water_temp
DT_0001,인천,37.45194,126.59222,2024-10-06,23.306666666666665
DT_0001,인천,37.45194,126.59222,2024-10-07,23.014295628036084
DT_0001,인천,37.45194,126.59222,2024-10-08,22.84746703678001
DT_0001,인천,37.45194,126.59222,2024-10-09,22.789521165857042
DT_0001,인천,37.45194,126.59222,2024-10-10,22.700416666666666
DT_0001,인천,37.45194,126.59222,2024-10-11,22.635114503816794
DT_0001,인천,37.45194,126.59222,2024-10-12,22.607494795281056
DT_0001,인천,37.45194,126.59222,2024-10-13,22.6117279666898
DT_0001,인천,37.45194,126.59222,2024-10-14,22.48730048577377
DT_0001,인천,37.45194,126.59222,2024-10-15,22.27564191533657
DT_0001,인천,37.45194,126.59222,2024-10-16,22.176335877862595
DT_0001,인천,37.45194,126.59222,2024-10-17,22.135
DT_0001,인천,37.45194,126.59222,2024-10-18,21.999722414989588
DT_0001,인천,37.45194,126.59222,2024-10-19,21.73060374739764
DT_0001,인천,37.45194,126.59222,2024-10-20,21.35836224843858
DT_0001,인천,37.45194,126.59222,2024-10-21,20.925646401118097
DT_0001,인천,37.45194,126.59222,2024-10-22,20.66294240111034
DT_0001,인천,37.45194,126.59222,2024-10-23,20.170922970159612
DT_0001,인천,37.45194,126.59222,2024-10-24,19.691117279666898
DT_0001,인천,37.45194,126.59222,2024-10-25,19.618598195697434
DT_0001,인천,37.45194,126.59222,2024-10-26,19.68702290076336
DT_0001,인천,37.45194,126.59222,2024-10-27,19.710555555555555
DT_0001,인천,37.45194,126.59222,2024-10-28,19.612838306731437
DT_0001,인천,37.45194,126.59222,2024-10-29,19.54552394170715
DT_0001,인천,37.45194,126.59222,2024-10-30,19.44295628036086
DT_0001,인천,37.45194,126.59222,2024-10-31,19.409646079111727
DT_0001,인천,37.45194,126.59222,2024-11-01,19.30951388888889
DT_0001,인천,37.45194,126.59222,2024-11-02,19.226736111111112
DT_0001,인천,37.45194,126.59222,2024-11-03,19.23941707147814
DT_0001,인천,37.45194,126.59222,2024-11-04,19.189705882352943
DT_0002,평택,36.96694,126.82277,2024-10-06,23.4725
DT_0002,평택,36.96694,126.82277,2024-10-07,23.34531575294934
DT_0002,평택,36.96694,126.82277,2024-10-08,23.327411519777932
DT_0002,평택,36.96694,126.82277,2024-10-09,23.16204024982651
DT_0002,평택,36.96694,126.82277,2024-10-10,23.193129770992368
DT_0002,평택,36.96694,126.82277,2024-10-11,23.11589174184594
DT_0002,평택,36.96694,126.82277,2024-10-12,22.984444444444442
DT_0002,평택,36.96694,126.82277,2024-10-13,22.8265093684941
DT_0002,평택,36.96694,126.82277,2024-10-14,22.749201943095073
DT_0002,평택,36.96694,126.82277,2024-10-15,22.49583622484386
DT_0002,평택,36.96694,126.82277,2024-10-16,22.56786953504511
DT_0002,평택,36.96694,126.82277,2024-10-17,22.606592643997224
DT_0002,평택,36.96694,126.82277,2024-10-18,22.29382373351839
DT_0002,평택,36.96694,126.82277,2024-10-19,21.77994448299792
DT_0002,평택,36.96694,126.82277,2024-10-20,21.45822345593338
DT_0002,평택,36.96694,126.82277,2024-10-21,20.995949720670392
DT_0002,평택,36.96694,126.82277,2024-10-22,20.985426786953504
DT_0002,평택,36.96694,126.82277,2024-10-23,20.62879944482998
DT_0002,평택,36.96694,126.82277,2024-10-24,20.575641915336572
DT_0002,평택,36.96694,126.82277,2024-10-25,20.38792505204719
DT_0002,평택,36.96694,126.82277,2024-10-26,20.51436502428869
DT_0002,평택,36.96694,126.82277,2024-10-27,20.48612074947953
DT_0002,평택,36.96694,126.82277,2024-10-28,20.341915336571827
DT_0002,평택,36.96694,126.82277,2024-10-29,20.22616238723109
DT_0002,평택,36.96694,126.82277,2024-10-30,20.053018736988204
DT_0002,평택,36.96694,126.82277,2024-10-31,19.74094378903539
DT_0002,평택,36.96694,126.82277,2024-11-01,19.833587786259542
DT_0002,평택,36.96694,126.82277,2024-11-02,19.90971547536433
DT_0002,평택,36.96694,126.82277,2024-11-03,19.8323386537127
DT_0002,평택,36.96694,126.82277,2024-11-04,19.59536231884058
DT_0004,제주,33.5275,126.54305,2024-10-06,25.226736111111112
DT_0004,제주,33.5275,126.54305,2024-10-07,25.04494068387997
DT_0004,제주,33.5275,126.54305,2024-10-08,24.869882026370576
DT_0004,제주,33.5275,126.54305,2024-10-09,24.698473282442748
DT_0004,제주,33.5275,126.54305,2024-10-10,24.6088255733148
DT_0004,제주,33.5275,126.54305,2024-10-11,24.622692574600972
DT_0004,제주,33.5275,126.54305,2024-10-12,24.642876997915216
DT_0004,제주,33.5275,126.54305,2024-10-13,24.718333333333334
DT_0004,제주,33.5275,126.54305,2024-10-14,24.799583622484384
DT_0004,제주,33.5275,126.54305,2024-10-15,24.855941626129255
DT_0004,제주,33.5275,126.54305,2024-10-16,25.03972222222222
DT_0004,제주,33.5275,126.54305,2024-10-17,25.02886884108258
DT_0004,제주,33.5275,126.54305,2024-10-18,24.847814018043024
DT_0004,제주,33.5275,126.54305,2024-10-19,24.643650242886885
DT_0004,제주,33.5275,126.54305,2024-10-20,24.505065926439975
DT_0004,제주,33.5275,126.54305,2024-10-21,24.4874213836478
DT_0004,제주,33.5275,126.54305,2024-10-22,24.02388579387187
DT_0004,제주,33.5275,126.54305,2024-10-23,23.487508674531576
DT_0004,제주,33.5275,126.54305,2024-10-24,23.570555555555554
DT_0004,제주,33.5275,126.54305,2024-10-25,23.617765440666208
DT_0004,제주,33.5275,126.54305,2024-10-26,23.483067314365023
DT_0004,제주,33.5275,126.54305,2024-10-27,23.076474670367798
DT_0004,제주,33.5275,126.54305,2024-10-28,22.921512838306732
DT_0004,제주,33.5275,126.54305,2024-10-29,22.96689847009736
DT_0004,제주,33.5275,126.54305,2024-10-30,23.15766828591256
DT_0004,제주,33.5275,126.54305,2024-10-31,23.103955586398335
DT_0004,제주,33.5275,126.54305,2024-11-01,23.00090215128383
DT_0004,제주,33.5275,126.54305,2024-11-02,22.914295628036086
DT_0004,제주,33.5275,126.54305,2024-11-03,22.942192921582233
DT_0004,제주,33.5275,126.54305,2024-11-04,23.05190615835777
DT_0005,부산,35.09638,129.03527,2024-10-06,24.342916666666664
DT_0005,부산,35.09638,129.03527,2024-10-07,24.31630811936156
DT_0005,부산,35.09638,129.03527,2024-10-08,24.21387925052047
DT_0005,부산,35.09638,129.03527,2024-10-09,23.771269951422624
DT_0005,부산,35.09638,129.03527,2024-10-10,23.71214434420541
DT_0005,부산,35.09638,129.03527,2024-10-11,23.87709923664122
DT_0005,부산,35.09638,129.03527,2024-10-12,23.797501734906312
DT_0005,부산,35.09638,129.03527,2024-10-13,23.74941013185288
DT_0005,부산,35.09638,129.03527,2024-10-14,23.676405274115197
DT_0005,부산,35.09638,129.03527,2024-10-15,23.674670367800136
DT_0005,부산,35.09638,129.03527,2024-10-16,23.66620402498265
DT_0005,부산,35.09638,129.03527,2024-10-17,23.384791666666665
DT_0005,부산,35.09638,129.03527,2024-10-18,23.07009021512838
DT_0005,부산,35.09638,129.03527,2024-10-19,22.952879944482998
DT_0005,부산,35.09638,129.03527,2024-10-20,22.304302567661345
DT_0005,부산,35.09638,129.03527,2024-10-21,22.087561146051712
DT_0005,부산,35.09638,129.03527,2024-10-22,22.022137404580153
DT_0005,부산,35.09638,129.03527,2024-10-23,22.36967383761277
DT_0005,부산,35.09638,129.03527,2024-10-24,22.125190839694657
DT_0005,부산,35.09638,129.03527,2024-10-25,21.865093684941016
DT_0005,부산,35.09638,129.03527,2024-10-26,21.737751561415685
DT_0005,부산,35.09638,129.03527,2024-10-27,21.694031922276196
DT_0005,부산,35.09638,129.03527,2024-10-28,21.670784177654408
DT_0005,부산,35.09638,129.03527,2024-10-29,21.384038861901455
DT_0005,부산,35.09638,129.03527,2024-10-30,21.315197779319917
DT_0005,부산,35.09638,129.03527,2024-10-31,21.2558639833449
DT_0005,부산,35.09638,129.03527,2024-11-01,21.062682418346075
DT_0005,부산,35.09638,129.03527,2024-11-02,20.985555555555557
DT_0005,부산,35.09638,129.03527,2024-11-03,20.818043025676612
DT_0005,부산,35.09638,129.03527,2024-11-04,20.785975609756097
DT_0006,묵호,37.55027,129.11638,2024-10-06,22.096666666666668
DT_0006,묵호,37.55027,129.11638,2024-10-07,22.066204024982653
DT_0006,묵호,37.55027,129.11638,2024-10-08,21.881332408049964
DT_0006,묵호,37.55027,129.11638,2024-10-09,21.73678001387925
DT_0006,묵호,37.55027,129.11638,2024-10-10,21.702151283830673
DT_0006,묵호,37.55027,129.11638,2024-10-11,21.621582234559334
DT_0006,묵호,37.55027,129.11638,2024-10-12,21.648646773074255
DT_0006,묵호,37.55027,129.11638,2024-10-13,21.688272033310202
DT_0006,묵호,37.55027,129.11638,2024-10-14,21.657945870922973
DT_0006,묵호,37.55027,129.11638,2024-10-15,21.585357390700903
DT_0006,묵호,37.55027,129.11638,2024-10-16,21.47078417765441
DT_0006,묵호,37.55027,129.11638,2024-10-17,21.277307425399027
DT_0006,묵호,37.55027,129.11638,2024-10-18,21.374462179042332
DT_0006,묵호,37.55027,129.11638,2024-10-19,21.246287300485776
DT_0006,묵호,37.55027,129.11638,2024-10-20,20.681609993060377
DT_0006,묵호,37.55027,129.11638,2024-10-21,20.23941707147814
DT_0006,묵호,37.55027,129.11638,2024-10-22,20.501527777777778
DT_0006,묵호,37.55027,129.11638,2024-10-23,20.285218598195698
DT_0006,묵호,37.55027,129.11638,2024-10-24,19.945662734212352
DT_0006,묵호,37.55027,129.11638,2024-10-25,19.924011103400417
DT_0006,묵호,37.55027,129.11638,2024-10-26,20.068216516308123
DT_0006,묵호,37.55027,129.11638,2024-10-27,20.043442054129077
DT_0006,묵호,37.55027,129.11638,2024-10-28,19.901249132546845
DT_0006,묵호,37.55027,129.11638,2024-10-29,19.572519083969464
DT_0006,묵호,37.55027,129.11638,2024-10-30,19.653573907009022
DT_0006,묵호,37.55027,129.11638,2024-10-31,19.58438584316447
DT_0006,묵호,37.55027,129.11638,2024-11-01,19.564861111111114
DT_0006,묵호,37.55027,129.11638,2024-11-02,19.386120749479527
DT_0006,묵호,37.55027,129.11638,2024-11-03,19.243442054129076
DT_0006,묵호,37.55027,129.11638,2024-11-04,19.204878048780486
DT_0007,목포,34.77972,126.37555,2024-10-06,24.570138888888888
DT_0007,목포,34.77972,126.37555,2024-10-07,24.406106870229006
DT_0007,목포,34.77972,126.37555,2024-10-08,24.258986814712003
DT_0007,목포,34.77972,126.37555,2024-10-09,24.09791811242193
DT_0007,목포,34.77972,126.37555,2024-10-10,23.984732824427482
DT_0007,목포,34.77972,126.37555,2024-10-11,23.874947952810544
DT_0007,목포,34.77972,126.37555,2024-10-12,23.764746703678
DT_0007,목포,34.77972,126.37555,2024-10-13,23.648160999306036
DT_0007,목포,34.77972,126.37555,2024-10-14,23.496252602359473
DT_0007,목포,34.77972,126.37555,2024-10-15,23.39682890855457
DT_0007,목포,34.77972,126.37555,2024-10-16,23.169535045107565
DT_0007,목포,34.77972,126.37555,2024-10-17,23.02470506592644
DT_0007,목포,34.77972,126.37555,2024-10-18,22.94642609299098
DT_0007,목포,34.77972,126.37555,2024-10-19,22.979319916724496
DT_0007,목포,34.77972,126.37555,2024-10-20,22.725676613462873
DT_0007,목포,34.77972,126.37555,2024-10-21,22.445740223463687
DT_0007,목포,34.77972,126.37555,2024-10-22,22.20687022900763
DT_0007,목포,34.77972,126.37555,2024-10-23,21.90138792505205
DT_0007,목포,34.77972,126.37555,2024-10-24,21.68112421929216
DT_0007,목포,34.77972,126.37555,2024-10-25,21.592505204718943
DT_0007,목포,34.77972,126.37555,2024-10-26,21.58112421929216
DT_0007,목포,34.77972,126.37555,2024-10-27,21.620486111111113
DT_0007,목포,34.77972,126.37555,2024-10-28,21.61644691186676
DT_0007,목포,34.77972,126.37555,2024-10-29,21.387578070784176
DT_0007,목포,34.77972,126.37555,2024-10-30,21.150798056904925
DT_0007,목포,34.77972,126.37555,2024-10-31,21.013740458015267
DT_0007,목포,34.77972,126.37555,2024-11-01,20.89388888888889
DT_0007,목포,34.77972,126.37555,2024-11-02,20.59146426092991
DT_0007,목포,34.77972,126.37555,2024-11-03,20.51963913948647
DT_0007,목포,34.77972,126.37555,2024-11-04,20.58115501519757
DT_0008,안산,37.19222,126.64722,2024-10-06,21.921805555555558
DT_0008,안산,37.19222,126.64722,2024-10-07,21.551630811936157
DT_0008,안산,37.19222,126.64722,2024-10-08,21.440666204024982
DT_0008,안산,37.19222,126.64722,2024-10-09,21.517626648161
DT_0008,안산,37.19222,126.64722,2024-10-10,21.3500346981263
DT_0008,안산,37.19222,126.64722,2024-10-11,21.37439278278973
DT_0008,안산,37.19222,126.64722,2024-10-12,21.507286606523248
DT_0008,안산,37.19222,126.64722,2024-10-13,21.535669673837614
DT_0008,안산,37.19222,126.64722,2024-10-14,21.34233171408744
DT_0008,안산,37.19222,126.64722,2024-10-15,21.180360860513535
DT_0008,안산,37.19222,126.64722,2024-10-16,21.189104788341428
DT_0008,안산,37.19222,126.64722,2024-10-17,21.344066620402497
DT_0008,안산,37.19222,126.64722,2024-10-18,21.341568355308812
DT_0008,안산,37.19222,126.64722,2024-10-19,21.080152671755727
DT_0008,안산,37.19222,126.64722,2024-10-20,20.37557251908397
DT_0008,안산,37.19222,126.64722,2024-10-21,19.459986033519552
DT_0008,안산,37.19222,126.64722,2024-10-22,19.196321998612078
DT_0008,안산,37.19222,126.64722,2024-10-23,18.6764746703678
DT_0008,안산,37.19222,126.64722,2024-10-24,18.212838306731438
DT_0008,안산,37.19222,126.64722,2024-10-25,17.917002081887578
DT_0008,안산,37.19222,126.64722,2024-10-26,18.075433726578765
DT_0008,안산,37.19222,126.64722,2024-10-27,18.678194444444443
DT_0008,안산,37.19222,126.64722,2024-10-28,18.999583622484387
DT_0008,안산,37.19222,126.64722,2024-10-29,18.7235253296322
DT_0008,안산,37.19222,126.64722,2024-10-30,18.503955586398334
DT_0008,안산,37.19222,126.64722,2024-10-31,18.62706453851492
DT_0008,안산,37.19222,126.64722,2024-11-01,18.73067314365024
DT_0008,안산,37.19222,126.64722,2024-11-02,18.68771686328938
DT_0008,안산,37.19222,126.64722,2024-11-03,18.721929215822346
DT_0008,안산,37.19222,126.64722,2024-11-04,18.726126126126125
DT_0010,서귀포,33.24,126.56166,2024-10-06,26.61791666666667
DT_0010,서귀포,33.24,126.56166,2024-10-07,26.380707841776545
DT_0010,서귀포,33.24,126.56166,2024-10-08,26.332546842470503
DT_0010,서귀포,33.24,126.56166,2024-10-09,26.291950034698125
DT_0010,서귀포,33.24,126.56166,2024-10-10,26.29201943095073
DT_0010,서귀포,33.24,126.56166,2024-10-11,26.31644691186676
DT_0010,서귀포,33.24,126.56166,2024-10-12,26.280542043085475
DT_0010,서귀포,33.24,126.56166,2024-10-13,26.176597222222224
DT_0010,서귀포,33.24,126.56166,2024-10-14,25.803678001387922
DT_0010,서귀포,33.24,126.56166,2024-10-15,25.654134815844337
DT_0010,서귀포,33.24,126.56166,2024-10-16,25.629493407356
DT_0010,서귀포,33.24,126.56166,2024-10-17,25.45156141568355
DT_0010,서귀포,33.24,126.56166,2024-10-18,25.33580846634282
DT_0010,서귀포,33.24,126.56166,2024-10-19,25.355833333333333
DT_0010,서귀포,33.24,126.56166,2024-10-20,24.924496877168632
DT_0010,서귀포,33.24,126.56166,2024-10-21,24.595168067226894
DT_0010,서귀포,33.24,126.56166,2024-10-22,24.673816155988856
DT_0010,서귀포,33.24,126.56166,2024-10-23,24.864954892435808
DT_0010,서귀포,33.24,126.56166,2024-10-24,24.74885496183206
DT_0010,서귀포,33.24,126.56166,2024-10-25,24.56349757113116
DT_0010,서귀포,33.24,126.56166,2024-10-26,24.501110340041638
DT_0010,서귀포,33.24,126.56166,2024-10-27,24.470229007633588
DT_0010,서귀포,33.24,126.56166,2024-10-28,24.383691880638448
DT_0010,서귀포,33.24,126.56166,2024-10-29,24.473486430062632
DT_0010,서귀포,33.24,126.56166,2024-10-30,24.395489243580847
DT_0010,서귀포,33.24,126.56166,2024-10-31,24.102012491325468
DT_0010,서귀포,33.24,126.56166,2024-11-01,23.640458015267175
DT_0010,서귀포,33.24,126.56166,2024-11-02,23.50548230395559
DT_0010,서귀포,33.24,126.56166,2024-11-03,23.558917418459405
DT_0010,서귀포,33.24,126.56166,2024-11-04,23.14174174174174
DT_0011,후포,36.6775,129.45305,2024-10-06,22.704097222222224
DT_0011,후포,36.6775,129.45305,2024-10-07,22.61700208188758
DT_0011,후포,36.6775,129.45305,2024-10-08,22.931436502428866
DT_0011,후포,36.6775,129.45305,2024-10-09,22.79944482997918
DT_0011,후포,36.6775,129.45305,2024-10-10,22.790978487161695
DT_0011,후포,36.6775,129.45305,2024-10-11,22.814920194309508
DT_0011,후포,36.6775,129.45305,2024-10-12,22.839278278972937
DT_0011,후포,36.6775,129.45305,2024-10-13,22.888133240804997
DT_0011,후포,36.6775,129.45305,2024-10-14,22.895138888888887
DT_0011,후포,36.6775,129.45305,2024-10-15,22.869257460097153
DT_0011,후포,36.6775,129.45305,2024-10-16,22.772866065232474
DT_0011,후포,36.6775,129.45305,2024-10-17,22.71082581540597
DT_0011,후포,36.6775,129.45305,2024-10-18,22.56201388888889
DT_0011,후포,36.6775,129.45305,2024-10-19,22.087161693268563
DT_0011,후포,36.6775,129.45305,2024-10-20,20.683414295628037
DT_0011,후포,36.6775,129.45305,2024-10-21,20.49441340782123
DT_0011,후포,36.6775,129.45305,2024-10-22,20.732847222222222
DT_0011,후포,36.6775,129.45305,2024-10-23,20.392366412213743
DT_0011,후포,36.6775,129.45305,2024-10-24,19.643194444444443
DT_0011,후포,36.6775,129.45305,2024-10-25,19.57529493407356
DT_0011,후포,36.6775,129.45305,2024-10-26,19.59264399722415
DT_0011,후포,36.6775,129.45305,2024-10-27,19.49035392088827
DT_0011,후포,36.6775,129.45305,2024-10-28,19.085149201943096
DT_0011,후포,36.6775,129.45305,2024-10-29,18.94476058292852
DT_0011,후포,36.6775,129.45305,2024-10-30,18.896183206106873
DT_0011,후포,36.6775,129.45305,2024-10-31,18.870298403886192
DT_0011,후포,36.6775,129.45305,2024-11-01,19.55412907702984
DT_0011,후포,36.6775,129.45305,2024-11-02,19.676058292852186
DT_0011,후포,36.6775,129.45305,2024-11-03,19.852463566967383
DT_0011,후포,36.6775,129.45305,2024-11-04,19.987826086956524
DT_0012,속초,38.20722,128.59416,2024-10-06,22.338819444444447
DT_0012,속초,38.20722,128.59416,2024-10-07,22.283344899375432
DT_0012,속초,38.20722,128.59416,2024-10-08,22.105482303955586
DT_0012,속초,38.20722,128.59416,2024-10-09,22.045347222222222
DT_0012,속초,38.20722,128.59416,2024-10-10,22.016030534351145
DT_0012,속초,38.20722,128.59416,2024-10-11,21.95621096460791
DT_0012,속초,38.20722,128.59416,2024-10-12,21.88799444829979
DT_0012,속초,38.20722,128.59416,2024-10-13,21.899583622484386
DT_0012,속초,38.20722,128.59416,2024-10-14,21.843442054129078
DT_0012,속초,38.20722,128.59416,2024-10-15,21.819777931991673
DT_0012,속초,38.20722,128.59416,2024-10-16,21.638653712699515
DT_0012,속초,38.20722,128.59416,2024-10-17,21.60215277777778
DT_0012,속초,38.20722,128.59416,2024-10-18,21.620749479528104
DT_0012,속초,38.20722,128.59416,2024-10-19,21.23275503122831
DT_0012,속초,38.20722,128.59416,2024-10-20,20.707494795281054
DT_0012,속초,38.20722,128.59416,2024-10-21,20.717178770949722
DT_0012,속초,38.20722,128.59416,2024-10-22,20.756210964607913
DT_0012,속초,38.20722,128.59416,2024-10-23,20.69465648854962
DT_0012,속초,38.20722,128.59416,2024-10-24,20.648438584316448
DT_0012,속초,38.20722,128.59416,2024-10-25,20.623317140874395
DT_0012,속초,38.20722,128.59416,2024-10-26,20.68001387925052
DT_0012,속초,38.20722,128.59416,2024-10-27,20.612213740458017
DT_0012,속초,38.20722,128.59416,2024-10-28,20.371408743927827
DT_0012,속초,38.20722,128.59416,2024-10-29,20.37772380291464
DT_0012,속초,38.20722,128.59416,2024-10-30,20.44892435808466
DT_0012,속초,38.20722,128.59416,2024-10-31,20.47258848022207
DT_0012,속초,38.20722,128.59416,2024-11-01,20.478446466060184
DT_0012,속초,38.20722,128.59416,2024-11-02,20.336617749825297
DT_0012,속초,38.20722,128.59416,2024-11-03,20.2263705759889
DT_0012,속초,38.20722,128.59416,2024-11-04,20.19610778443114
DT_0013,울릉도,37.49138,130.91361,2024-10-06,23.891805555555553
DT_0013,울릉도,37.49138,130.91361,2024-10-07,23.968355308813326
DT_0013,울릉도,37.49138,130.91361,2024-10-08,23.748507980569048
DT_0013,울릉도,37.49138,130.91361,2024-10-09,23.3323386537127
DT_0013,울릉도,37.49138,130.91361,2024-10-10,23.30478834142956
DT_0013,울릉도,37.49138,130.91361,2024-10-11,23.24503816793893
DT_0013,울릉도,37.49138,130.91361,2024-10-12,23.36682859125607
DT_0013,울릉도,37.49138,130.91361,2024-10-13,23.43115891741846
DT_0013,울릉도,37.49138,130.91361,2024-10-14,23.143085476025018
DT_0013,울릉도,37.49138,130.91361,2024-10-15,23.267106176266484
DT_0013,울릉도,37.49138,130.91361,2024-10-16,23.143580846634283
DT_0013,울릉도,37.49138,130.91361,2024-10-17,23.15683553088133
DT_0013,울릉도,37.49138,130.91361,2024-10-18,23.249757113115894
DT_0013,울릉도,37.49138,130.91361,2024-10-19,22.617557251908398
DT_0013,울릉도,37.49138,130.91361,2024-10-20,20.756210964607913
DT_0013,울릉도,37.49138,130.91361,2024-10-21,21.675087473757873
DT_0013,울릉도,37.49138,130.91361,2024-10-22,22.271210013908206
DT_0013,울릉도,37.49138,130.91361,2024-10-23,22.680152671755728
DT_0013,울릉도,37.49138,130.91361,2024-10-24,22.861944444444443
DT_0013,울릉도,37.49138,130.91361,2024-10-25,22.94642609299098
DT_0013,울릉도,37.49138,130.91361,2024-10-26,22.919916724496876
DT_0013,울릉도,37.49138,130.91361,2024-10-27,22.860330578512396
DT_0013,울릉도,37.49138,130.91361,2024-10-30,22.398295454545455
DT_0013,울릉도,37.49138,130.91361,2024-10-31,22.43847222222222
DT_0013,울릉도,37.49138,130.91361,2024-11-01,22.474878556557947
DT_0013,울릉도,37.49138,130.91361,2024-11-02,21.810409437890353
DT_0013,울릉도,37.49138,130.91361,2024-11-03,21.69965301873699
DT_0013,울릉도,37.49138,130.91361,2024-11-04,21.606824925816024
DT_0014,통영,34.82777,128.43472,2024-10-06,24.36560111188325
DT_0014,통영,34.82777,128.43472,2024-10-07,24.287866108786613
DT_0014,통영,34.82777,128.43472,2024-10-08,24.151597222222225
DT_0014,통영,34.82777,128.43472,2024-10-09,23.985614525139667
DT_0014,통영,34.82777,128.43472,2024-10-10,23.777035490605428
DT_0014,통영,34.82777,128.43472,2024-10-11,23.719415448851777
DT_0014,통영,34.82777,128.43472,2024-10-12,23.750208623087623
DT_0014,통영,34.82777,128.43472,2024-10-13,23.750763888888887
DT_0014,통영,34.82777,128.43472,2024-10-14,23.691325468424704
DT_0014,통영,34.82777,128.43472,2024-10-15,23.67489568845619
DT_0014,통영,34.82777,128.43472,2024-10-16,23.717246175243396
DT_0014,통영,34.82777,128.43472,2024-10-17,23.692275574112738
DT_0014,통영,34.82777,128.43472,2024-10-18,23.529464906184852
DT_0014,통영,34.82777,128.43472,2024-10-19,23.383518776077885
DT_0014,통영,34.82777,128.43472,2024-10-20,22.800694444444446
DT_0014,통영,34.82777,128.43472,2024-10-21,22.22310924369748
DT_0014,통영,34.82777,128.43472,2024-10-22,21.987786259541984
DT_0014,통영,34.82777,128.43472,2024-10-23,21.914930555555557
DT_0014,통영,34.82777,128.43472,2024-10-24,21.902498265093683
DT_0014,통영,34.82777,128.43472,2024-10-25,21.707291666666666
DT_0014,통영,34.82777,128.43472,2024-10-26,21.458136300417245
DT_0014,통영,34.82777,128.43472,2024-10-27,21.394656488549618
DT_0014,통영,34.82777,128.43472,2024-10-28,21.38769979152189
DT_0014,통영,34.82777,128.43472,2024-10-29,21.14402777777778
DT_0014,통영,34.82777,128.43472,2024-10-30,21.074704656011118
DT_0014,통영,34.82777,128.43472,2024-10-31,20.90263705759889
DT_0014,통영,34.82777,128.43472,2024-11-01,20.783067314365024
DT_0014,통영,34.82777,128.43472,2024-11-02,20.520957668285913
DT_0014,통영,34.82777,128.43472,2024-11-03,20.589521165857043
DT_0014,통영,34.82777,128.43472,2024-11-04,20.663478260869564
DT_0016,여수,34.74722,127.76555,2024-10-06,24.727538247566063
DT_0016,여수,34.74722,127.76555,2024-10-07,24.51209173036831
DT_0016,여수,34.74722,127.76555,2024-10-08,24.498681471200555
DT_0016,여수,34.74722,127.76555,2024-10-09,24.357876474670366
DT_0016,여수,34.74722,127.76555,2024-10-10,24.209791666666664
DT_0016,여수,34.74722,127.76555,2024-10-11,24.232546842470505
DT_0016,여수,34.74722,127.76555,2024-10-12,24.16530187369882
DT_0016,여수,34.74722,127.76555,2024-10-13,24.00270645385149
DT_0016,여수,34.74722,127.76555,2024-10-14,23.786805555555556
DT_0016,여수,34.74722,127.76555,2024-10-15,23.753365718251214
DT_0016,여수,34.74722,127.76555,2024-10-16,23.88646773074254
DT_0016,여수,34.74722,127.76555,2024-10-17,23.776891047883414
DT_0016,여수,34.74722,127.76555,2024-10-18,23.56793893129771
DT_0016,여수,34.74722,127.76555,2024-10-19,23.726856349757114
DT_0016,여수,34.74722,127.76555,2024-10-20,22.97099236641221
DT_0016,여수,34.74722,127.76555,2024-10-21,22.425349162011173
DT_0016,여수,34.74722,127.76555,2024-10-22,22.125954198473284
DT_0016,여수,34.74722,127.76555,2024-10-23,21.749201943095073
DT_0016,여수,34.74722,127.76555,2024-10-24,21.54530271398747
DT_0016,여수,34.74722,127.76555,2024-10-25,20.9375
DT_0016,여수,34.74722,127.76555,2024-10-26,20.84111111111111
DT_0016,여수,34.74722,127.76555,2024-10-27,20.755
DT_0016,여수,34.74722,127.76555,2024-10-28,20.76911866759195
DT_0016,여수,34.74722,127.76555,2024-10-29,20.79826509368494
DT_0016,여수,34.74722,127.76555,2024-10-30,20.88501040943789
DT_0016,여수,34.74722,127.76555,2024-10-31,21.194378903539207
DT_0016,여수,34.74722,127.76555,2024-11-01,21.026023594725885
DT_0016,여수,34.74722,127.76555,2024-11-02,20.70735600277585
DT_0016,여수,34.74722,127.76555,2024-11-03,20.573907009021514
DT_0016,여수,34.74722,127.76555,2024-11-04,20.36765578635015
DT_0017,대산,37.0075,126.35277,2024-10-06,23.397777777777776
DT_0017,대산,37.0075,126.35277,2024-10-07,23.29909784871617
DT_0017,대산,37.0075,126.35277,2024-10-08,23.231922276197082
DT_0017,대산,37.0075,126.35277,2024-10-09,23.217210270645385
DT_0017,대산,37.0075,126.35277,2024-10-10,23.21422623178348
DT_0017,대산,37.0075,126.35277,2024-10-11,23.144066620402498
DT_0017,대산,37.0075,126.35277,2024-10-12,23.099999999999998
DT_0017,대산,37.0075,126.35277,2024-10-13,23.028313671061763
DT_0017,대산,37.0075,126.35277,2024-10-14,22.9147814018043
DT_0017,대산,37.0075,126.35277,2024-10-15,22.782928521859816
DT_0017,대산,37.0075,126.35277,2024-10-16,22.76592643997224
DT_0017,대산,37.0075,126.35277,2024-10-17,22.722970159611382
DT_0017,대산,37.0075,126.35277,2024-10-18,22.549479528105483
DT_0017,대산,37.0075,126.35277,2024-10-19,22.247744621790424
DT_0017,대산,37.0075,126.35277,2024-10-20,21.740458015267176
DT_0017,대산,37.0075,126.35277,2024-10-21,21.496298882681565
DT_0017,대산,37.0075,126.35277,2024-10-22,21.410825815405968
DT_0017,대산,37.0075,126.35277,2024-10-23,20.94205412907703
DT_0017,대산,37.0075,126.35277,2024-10-24,20.712560721721026
DT_0017,대산,37.0075,126.35277,2024-10-25,20.687439278278976
DT_0017,대산,37.0075,126.35277,2024-10-26,20.689451769604442
DT_0017,대산,37.0075,126.35277,2024-10-27,20.704024982650935
DT_0017,대산,37.0075,126.35277,2024-10-28,20.56405274115198
DT_0017,대산,37.0075,126.35277,2024-10-29,20.461346287300486
DT_0017,대산,37.0075,126.35277,2024-10-30,20.44031922276197
DT_0017,대산,37.0075,126.35277,2024-10-31,20.429861111111112
DT_0017,대산,37.0075,126.35277,2024-11-01,20.402801120448178
DT_0017,대산,37.0075,126.35277,2024-11-02,20.36699164345404
DT_0017,대산,37.0075,126.35277,2024-11-03,20.406384455239415
DT_0017,대산,37.0075,126.35277,2024-11-04,20.375460122699387
DT_0018,군산,35.97555,126.56305,2024-10-06,23.18034722222222
DT_0018,군산,35.97555,126.56305,2024-10-07,23.00722222222222
DT_0018,군산,35.97555,126.56305,2024-10-08,22.793125
DT_0018,군산,35.97555,126.56305,2024-10-09,22.723941707147816
DT_0018,군산,35.97555,126.56305,2024-10-10,22.70062456627342
DT_0018,군산,35.97555,126.56305,2024-10-11,22.695763888888887
DT_0018,군산,35.97555,126.56305,2024-10-12,22.73261623872311
DT_0018,군산,35.97555,126.56305,2024-10-13,22.769465648854965
DT_0018,군산,35.97555,126.56305,2024-10-14,22.663958333333333
DT_0018,군산,35.97555,126.56305,2024-10-15,22.44378903539209
DT_0018,군산,35.97555,126.56305,2024-10-16,22.3853573907009
DT_0018,군산,35.97555,126.56305,2024-10-17,22.379319916724494
DT_0018,군산,35.97555,126.56305,2024-10-18,22.29347675225538
DT_0018,군산,35.97555,126.56305,2024-10-19,22.023194444444446
DT_0018,군산,35.97555,126.56305,2024-10-20,21.420818875780707
DT_0018,군산,35.97555,126.56305,2024-10-21,20.925628491620113
DT_0018,군산,35.97555,126.56305,2024-10-22,20.68730048577377
DT_0018,군산,35.97555,126.56305,2024-10-23,20.172727272727276
DT_0018,군산,35.97555,126.56305,2024-10-24,19.999930458970795
DT_0018,군산,35.97555,126.56305,2024-10-25,20.072272411396803
DT_0018,군산,35.97555,126.56305,2024-10-26,20.176319444444445
DT_0018,군산,35.97555,126.56305,2024-10-27,20.19798750867453
DT_0018,군산,35.97555,126.56305,2024-10-28,20.06321998612075
DT_0018,군산,35.97555,126.56305,2024-10-29,19.89056210964608
DT_0018,군산,35.97555,126.56305,2024-10-30,19.793337959750176
DT_0018,군산,35.97555,126.56305,2024-10-31,19.679111727966692
DT_0018,군산,35.97555,126.56305,2024-11-01,19.529285218598197
DT_0018,군산,35.97555,126.56305,2024-11-02,19.2412213740458
DT_0018,군산,35.97555,126.56305,2024-11-03,19.262526023594724
DT_0018,군산,35.97555,126.56305,2024-11-04,19.34769230769231
DT_0020,울산,35.50194,129.38722,2024-10-06,24.507638888888888
DT_0020,울산,35.50194,129.38722,2024-10-07,24.382442748091602
DT_0020,울산,35.50194,129.38722,2024-10-08,24.180499653018735
DT_0020,울산,35.50194,129.38722,2024-10-09,24.007922168172342
DT_0020,울산,35.50194,129.38722,2024-10-10,23.856914523974982
DT_0020,울산,35.50194,129.38722,2024-10-11,23.788888888888888
DT_0020,울산,35.50194,129.38722,2024-10-12,23.740763888888885
DT_0020,울산,35.50194,129.38722,2024-10-13,23.70507649513213
DT_0020,울산,35.50194,129.38722,2024-10-14,23.60430256766135
DT_0020,울산,35.50194,129.38722,2024-10-15,23.538707435719253
DT_0020,울산,35.50194,129.38722,2024-10-16,23.499022346368715
DT_0020,울산,35.50194,129.38722,2024-10-17,23.26585535465925
DT_0020,울산,35.50194,129.38722,2024-10-18,23.181041666666665
DT_0020,울산,35.50194,129.38722,2024-10-19,22.9380985426787
DT_0020,울산,35.50194,129.38722,2024-10-20,22.304580152671758
DT_0020,울산,35.50194,129.38722,2024-10-21,22.092782060266295
DT_0020,울산,35.50194,129.38722,2024-10-22,21.971001390820582
DT_0020,울산,35.50194,129.38722,2024-10-23,21.754059680777235
DT_0020,울산,35.50194,129.38722,2024-10-24,21.915752949340735
DT_0020,울산,35.50194,129.38722,2024-10-25,22.073004857737683
DT_0020,울산,35.50194,129.38722,2024-10-26,22.130117973629424
DT_0020,울산,35.50194,129.38722,2024-10-27,22.125573314801947
DT_0020,울산,35.50194,129.38722,2024-10-28,22.061715481171547
DT_0020,울산,35.50194,129.38722,2024-10-29,21.867176634214186
DT_0020,울산,35.50194,129.38722,2024-10-30,21.799306037473976
DT_0020,울산,35.50194,129.38722,2024-10-31,21.758084663428175
DT_0020,울산,35.50194,129.38722,2024-11-01,21.633032616238722
DT_0020,울산,35.50194,129.38722,2024-11-02,21.45523941707148
DT_0020,울산,35.50194,129.38722,2024-11-03,21.26738376127689
DT_0020,울산,35.50194,129.38722,2024-11-04,21.3
DT_0021,추자도,33.96194,126.30027,2024-10-06,23.23916666666667
DT_0021,추자도,33.96194,126.30027,2024-10-07,22.82967338429465
DT_0021,추자도,33.96194,126.30027,2024-10-08,22.7
DT_0021,추자도,33.96194,126.30027,2024-10-09,22.67343532684284
DT_0021,추자도,33.96194,126.30027,2024-10-10,22.584968684759918
DT_0021,추자도,33.96194,126.30027,2024-10-11,22.694850382741823
DT_0021,추자도,33.96194,126.30027,2024-10-12,22.945233124565068
DT_0021,추자도,33.96194,126.30027,2024-10-13,23.182720333102015
DT_0021,추자도,33.96194,126.30027,2024-10-14,23.170992366412214
DT_0021,추자도,33.96194,126.30027,2024-10-15,23.114027777777782
DT_0021,추자도,33.96194,126.30027,2024-10-16,23.084133611691023
DT_0021,추자도,33.96194,126.30027,2024-10-17,22.828839471855453
DT_0021,추자도,33.96194,126.30027,2024-10-18,22.489770354906053
DT_0021,추자도,33.96194,126.30027,2024-10-19,22.388965995836227
DT_0021,추자도,33.96194,126.30027,2024-10-20,21.28597222222222
DT_0021,추자도,33.96194,126.30027,2024-10-21,20.800139762403912
DT_0021,추자도,33.96194,126.30027,2024-10-22,20.996193771626295
DT_0021,추자도,33.96194,126.30027,2024-10-24,21.044622425629292
DT_0021,추자도,33.96194,126.30027,2024-10-25,21.063307852675468
DT_0021,추자도,33.96194,126.30027,2024-10-26,21.303400416377517
DT_0021,추자도,33.96194,126.30027,2024-10-27,21.290416666666665
DT_0021,추자도,33.96194,126.30027,2024-10-28,21.049166666666665
DT_0021,추자도,33.96194,126.30027,2024-10-29,20.84425887265136
DT_0021,추자도,33.96194,126.30027,2024-10-30,20.786537126995142
DT_0021,추자도,33.96194,126.30027,2024-10-31,20.69819569743234
DT_0021,추자도,33.96194,126.30027,2024-11-01,20.4941013185288
DT_0021,추자도,33.96194,126.30027,2024-11-02,20.300902151283832
DT_0021,추자도,33.96194,126.30027,2024-11-03,20.353365718251215
DT_0021,추자도,33.96194,126.30027,2024-11-04,20.4
DT_0022,성산포,33.47472,126.92777,2024-10-06,23.28922114047288
DT_0022,성산포,33.47472,126.92777,2024-10-07,22.706254343293953
DT_0022,성산포,33.47472,126.92777,2024-10-08,22.257460097154755
DT_0022,성산포,33.47472,126.92777,2024-10-09,22.478179291174424
DT_0022,성산포,33.47472,126.92777,2024-10-10,22.37539958304378
DT_0022,성산포,33.47472,126.92777,2024-10-11,22.74321503131524
DT_0022,성산포,33.47472,126.92777,2024-10-12,23.30208478109798
DT_0022,성산포,33.47472,126.92777,2024-10-13,23.373834377174667
DT_0022,성산포,33.47472,126.92777,2024-10-14,23.520097357440893
DT_0022,성산포,33.47472,126.92777,2024-10-15,23.935625
DT_0022,성산포,33.47472,126.92777,2024-10-16,23.987291666666664
DT_0022,성산포,33.47472,126.92777,2024-10-17,23.804592901878912
DT_0022,성산포,33.47472,126.92777,2024-10-18,23.863794301598332
DT_0022,성산포,33.47472,126.92777,2024-10-19,23.241984732824424
DT_0022,성산포,33.47472,126.92777,2024-10-20,22.21408743927828
DT_0022,성산포,33.47472,126.92777,2024-10-21,22.622644163150493
DT_0022,성산포,33.47472,126.92777,2024-10-22,22.784492350486786
DT_0022,성산포,33.47472,126.92777,2024-10-23,22.22605976372481
DT_0022,성산포,33.47472,126.92777,2024-10-24,20.795410292072322
DT_0022,성산포,33.47472,126.92777,2024-10-25,20.707103064066853
DT_0022,성산포,33.47472,126.92777,2024-10-26,21.230555555555554
DT_0022,성산포,33.47472,126.92777,2024-10-27,21.756845031271716
DT_0022,성산포,33.47472,126.92777,2024-10-28,21.701670146137786
DT_0022,성산포,33.47472,126.92777,2024-10-29,21.164055944055942
DT_0022,성산포,33.47472,126.92777,2024-10-30,21.332569444444445
DT_0022,성산포,33.47472,126.92777,2024-10-31,21.392990978487163
DT_0022,성산포,33.47472,126.92777,2024-11-01,21.354899235580266
DT_0022,성산포,33.47472,126.92777,2024-11-02,21.36977067407922
DT_0022,성산포,33.47472,126.92777,2024-11-03,21.50166782487839
DT_0022,성산포,33.47472,126.92777,2024-11-04,21.25825825825826
DT_0023,모슬포,33.21444,126.25111,2024-10-06,26.383796940194717
DT_0023,모슬포,33.21444,126.25111,2024-10-07,26.01408743927828
DT_0023,모슬포,33.21444,126.25111,2024-10-08,25.862465181058496
DT_0023,모슬포,33.21444,126.25111,2024-10-09,25.727797081306466
DT_0023,모슬포,33.21444,126.25111,2024-10-10,25.696448467966572
DT_0023,모슬포,33.21444,126.25111,2024-10-11,25.816388888888888
DT_0023,모슬포,33.21444,126.25111,2024-10-12,25.861874999999998
DT_0023,모슬포,33.21444,126.25111,2024-10-13,25.88796940194715
DT_0023,모슬포,33.21444,126.25111,2024-10-14,25.71412665274878
DT_0023,모슬포,33.21444,126.25111,2024-10-15,25.78513607815771
DT_0023,모슬포,33.21444,126.25111,2024-10-16,25.533031988873436
DT_0023,모슬포,33.21444,126.25111,2024-10-17,25.112038970076547
DT_0023,모슬포,33.21444,126.25111,2024-10-18,25.193819444444443
DT_0023,모슬포,33.21444,126.25111,2024-10-19,25.021210013908206
DT_0023,모슬포,33.21444,126.25111,2024-10-20,23.879250520471896
DT_0023,모슬포,33.21444,126.25111,2024-10-21,24.33261021693492
DT_0023,모슬포,33.21444,126.25111,2024-10-22,24.813879250520475
DT_0023,모슬포,33.21444,126.25111,2024-10-23,24.078233657858135
DT_0023,모슬포,33.21444,126.25111,2024-10-24,23.05204718945177
DT_0023,모슬포,33.21444,126.25111,2024-10-25,23.472253129346313
DT_0023,모슬포,33.21444,126.25111,2024-10-26,23.876372480889504
DT_0023,모슬포,33.21444,126.25111,2024-10-27,24.15605006954103
DT_0023,모슬포,33.21444,126.25111,2024-10-28,24.111460517120893
DT_0023,모슬포,33.21444,126.25111,2024-10-29,24.074826147426982
DT_0023,모슬포,33.21444,126.25111,2024-10-30,24.05663655316192
DT_0023,모슬포,33.21444,126.25111,2024-10-31,23.761805555555554
DT_0023,모슬포,33.21444,126.25111,2024-11-01,23.480542043085475
DT_0023,모슬포,33.21444,126.25111,2024-11-02,23.40785813630042
DT_0023,모슬포,33.21444,126.25111,2024-11-03,23.51609993060375
DT_0023,모슬포,33.21444,126.25111,2024-11-04,23.439506172839504
DT_0025,보령,36.40638,126.48611,2024-10-06,24.51958333333333
DT_0025,보령,36.40638,126.48611,2024-10-07,24.315128383067314
DT_0025,보령,36.40638,126.48611,2024-10-08,24.13733518390007
DT_0025,보령,36.40638,126.48611,2024-10-09,23.952602359472586
DT_0025,보령,36.40638,126.48611,2024-10-10,23.944274809160305
DT_0025,보령,36.40638,126.48611,2024-10-11,23.853920888272032
DT_0025,보령,36.40638,126.48611,2024-10-12,23.7529493407356
DT_0025,보령,36.40638,126.48611,2024-10-13,23.7
DT_0025,보령,36.40638,126.48611,2024-10-14,23.660791117279665
DT_0025,보령,36.40638,126.48611,2024-10-15,23.568771686328937
DT_0025,보령,36.40638,126.48611,2024-10-16,23.437473976405276
DT_0025,보령,36.40638,126.48611,2024-10-17,23.233194444444447
DT_0025,보령,36.40638,126.48611,2024-10-18,23.19465648854962
DT_0025,보령,36.40638,126.48611,2024-10-19,23.10430256766135
DT_0025,보령,36.40638,126.48611,2024-10-20,22.53088133240805
DT_0025,보령,36.40638,126.48611,2024-10-21,22.176256983240226
DT_0025,보령,36.40638,126.48611,2024-10-22,22.032013888888887
DT_0025,보령,36.40638,126.48611,2024-10-23,21.634746351633076
DT_0025,보령,36.40638,126.48611,2024-10-24,21.195419847328242
DT_0025,보령,36.40638,126.48611,2024-10-25,21.049303621169916
DT_0025,보령,36.40638,126.48611,2024-10-26,20.973907009021513
DT_0025,보령,36.40638,126.48611,2024-10-27,20.968424705065928
DT_0025,보령,36.40638,126.48611,2024-10-28,20.954961832061066
DT_0025,보령,36.40638,126.48611,2024-10-29,20.873314801945796
DT_0025,보령,36.40638,126.48611,2024-10-30,20.790423317140874
DT_0025,보령,36.40638,126.48611,2024-10-31,20.648125
DT_0025,보령,36.40638,126.48611,2024-11-01,20.689791666666665
DT_0025,보령,36.40638,126.48611,2024-11-02,20.474878556557947
DT_0025,보령,36.40638,126.48611,2024-11-03,20.295697432338653
DT_0025,보령,36.40638,126.48611,2024-11-04,20.314242424242423
DT_0026,고흥발포,34.48111,127.34277,2024-10-06,24.04347222222222
DT_0026,고흥발포,34.48111,127.34277,2024-10-07,23.438376127689104
DT_0026,고흥발포,34.48111,127.34277,2024-10-08,23.008952116585704
DT_0026,고흥발포,34.48111,127.34277,2024-10-09,23.091944444444444
DT_0026,고흥발포,34.48111,127.34277,2024-10-10,23.087569444444444
DT_0026,고흥발포,34.48111,127.34277,2024-10-11,23.109576682859128
DT_0026,고흥발포,34.48111,127.34277,2024-10-12,23.245624999999997
DT_0026,고흥발포,34.48111,127.34277,2024-10-13,23.378834142956283
DT_0026,고흥발포,34.48111,127.34277,2024-10-14,23.477585010409435
DT_0026,고흥발포,34.48111,127.34277,2024-10-15,23.442817487855656
DT_0026,고흥발포,34.48111,127.34277,2024-10-16,23.54513888888889
DT_0026,고흥발포,34.48111,127.34277,2024-10-17,23.55260597637248
DT_0026,고흥발포,34.48111,127.34277,2024-10-18,23.362361111111113
DT_0026,고흥발포,34.48111,127.34277,2024-10-19,23.404024982650935
DT_0026,고흥발포,34.48111,127.34277,2024-10-20,22.746079111727965
DT_0026,고흥발포,34.48111,127.34277,2024-10-21,21.888243526941917
DT_0026,고흥발포,34.48111,127.34277,2024-10-22,21.926458333333333
DT_0026,고흥발포,34.48111,127.34277,2024-10-23,21.784594031922275
DT_0026,고흥발포,34.48111,127.34277,2024-10-24,21.226092990978486
DT_0026,고흥발포,34.48111,127.34277,2024-10-25,20.826875
DT_0026,고흥발포,34.48111,127.34277,2024-10-26,20.763081193615545
DT_0026,고흥발포,34.48111,127.34277,2024-10-27,20.817430555555557
DT_0026,고흥발포,34.48111,127.34277,2024-10-28,20.688272033310202
DT_0026,고흥발포,34.48111,127.34277,2024-10-29,20.725260235947257
DT_0026,고흥발포,34.48111,127.34277,2024-10-30,20.62179042331714
DT_0026,고흥발포,34.48111,127.34277,2024-10-31,20.594795281054825
DT_0026,고흥발포,34.48111,127.34277,2024-11-01,20.468910478834143
DT_0026,고흥발포,34.48111,127.34277,2024-11-02,20.266342817487857
DT_0026,고흥발포,34.48111,127.34277,2024-11-03,20.300763358778628
DT_0026,고흥발포,34.48111,127.34277,2024-11-04,20.30644171779141
DT_0027,완도,34.31555,126.75972,2024-10-06,23.88888888888889
DT_0027,완도,34.31555,126.75972,2024-10-07,23.584871616932688
DT_0027,완도,34.31555,126.75972,2024-10-08,23.474392782789728
DT_0027,완도,34.31555,126.75972,2024-10-09,23.330603747397642
DT_0027,완도,34.31555,126.75972,2024-10-10,23.22206800832755
DT_0027,완도,34.31555,126.75972,2024-10-11,23.26495489243581
DT_0027,완도,34.31555,126.75972,2024-10-12,23.27522553782096
DT_0027,완도,34.31555,126.75972,2024-10-13,23.18327550312283
DT_0027,완도,34.31555,126.75972,2024-10-14,23.06204024982651
DT_0027,완도,34.31555,126.75972,2024-10-15,23.067175572519087
DT_0027,완도,34.31555,126.75972,2024-10-16,23.10478834142956
DT_0027,완도,34.31555,126.75972,2024-10-17,23.052810548230394
DT_0027,완도,34.31555,126.75972,2024-10-18,22.97729166666667
DT_0027,완도,34.31555,126.75972,2024-10-19,23.019569743233863
DT_0027,완도,34.31555,126.75972,2024-10-20,22.526319444444447
DT_0027,완도,34.31555,126.75972,2024-10-21,22.11291899441341
DT_0027,완도,34.31555,126.75972,2024-10-22,22.003053435114506
DT_0027,완도,34.31555,126.75972,2024-10-23,21.851353226925745
DT_0027,완도,34.31555,126.75972,2024-10-24,21.305135322692575
DT_0027,완도,34.31555,126.75972,2024-10-25,20.753088133240805
DT_0027,완도,34.31555,126.75972,2024-10-26,20.78258154059681
DT_0027,완도,34.31555,126.75972,2024-10-27,20.881666666666664
DT_0027,완도,34.31555,126.75972,2024-10-28,20.857460097154753
DT_0027,완도,34.31555,126.75972,2024-10-29,20.852463566967383
DT_0027,완도,34.31555,126.75972,2024-10-30,20.854476058292853
DT_0027,완도,34.31555,126.75972,2024-10-31,20.761207494795283
DT_0027,완도,34.31555,126.75972,2024-11-01,20.59163179916318
DT_0027,완도,34.31555,126.75972,2024-11-02,20.453333333333333
DT_0027,완도,34.31555,126.75972,2024-11-03,20.53671061762665
DT_0027,완도,34.31555,126.75972,2024-11-04,20.52810650887574
DT_0028,진도,34.37777,126.30861,2024-10-06,23.32298611111111
DT_0028,진도,34.37777,126.30861,2024-10-07,22.92144344205413
DT_0028,진도,34.37777,126.30861,2024-10-08,22.91741845940319
DT_0028,진도,34.37777,126.30861,2024-10-09,22.844274809160304
DT_0028,진도,34.37777,126.30861,2024-10-10,22.818112421929218
DT_0028,진도,34.37777,126.30861,2024-10-11,22.819014573213046
DT_0028,진도,34.37777,126.30861,2024-10-12,22.734489937543373
DT_0028,진도,34.37777,126.30861,2024-10-13,22.71235253296322
DT_0028,진도,34.37777,126.30861,2024-10-14,22.568355308813324
DT_0028,진도,34.37777,126.30861,2024-10-15,22.54795281054823
DT_0028,진도,34.37777,126.30861,2024-10-16,22.498750867453158
DT_0028,진도,34.37777,126.30861,2024-10-17,22.402914642609296
DT_0028,진도,34.37777,126.30861,2024-10-18,22.358084663428176
DT_0028,진도,34.37777,126.30861,2024-10-19,22.371339347675224
DT_0028,진도,34.37777,126.30861,2024-10-20,21.68112421929216
DT_0028,진도,34.37777,126.30861,2024-10-21,21.24350558659218
DT_0028,진도,34.37777,126.30861,2024-10-22,21.403053435114504
DT_0028,진도,34.37777,126.30861,2024-10-23,21.295072866065233
DT_0028,진도,34.37777,126.30861,2024-10-24,20.61076388888889
DT_0028,진도,34.37777,126.30861,2024-10-25,20.12477446217904
DT_0028,진도,34.37777,126.30861,2024-10-26,20.201040943789035
DT_0028,진도,34.37777,126.30861,2024-10-27,20.448160999306037
DT_0028,진도,34.37777,126.30861,2024-10-28,20.38008327550312
DT_0028,진도,34.37777,126.30861,2024-10-29,20.24941013185288
DT_0028,진도,34.37777,126.30861,2024-10-30,20.117002081887577
DT_0028,진도,34.37777,126.30861,2024-10-31,20.022761970853573
DT_0028,진도,34.37777,126.30861,2024-11-01,19.842090592334497
DT_0028,진도,34.37777,126.30861,2024-11-02,19.720957668285912
DT_0028,진도,34.37777,126.30861,2024-11-03,19.97002081887578
DT_0028,진도,34.37777,126.30861,2024-11-04,20.098240469208214
DT_0029,거제도,34.80138,128.69916,2024-10-06,23.71557719054242
DT_0029,거제도,34.80138,128.69916,2024-10-07,23.701182197496525
DT_0029,거제도,34.80138,128.69916,2024-10-08,23.689213639526795
DT_0029,거제도,34.80138,128.69916,2024-10-09,23.611527777777777
DT_0029,거제도,34.80138,128.69916,2024-10-10,23.394864677307424
DT_0029,거제도,34.80138,128.69916,2024-10-11,23.49944482997918
DT_0029,거제도,34.80138,128.69916,2024-10-12,23.604510756419153
DT_0029,거제도,34.80138,128.69916,2024-10-13,23.453712699514224
DT_0029,거제도,34.80138,128.69916,2024-10-14,23.290757470465604
DT_0029,거제도,34.80138,128.69916,2024-10-15,23.242152777777775
DT_0029,거제도,34.80138,128.69916,2024-10-16,23.240208333333335
DT_0029,거제도,34.80138,128.69916,2024-10-17,22.743125
DT_0029,거제도,34.80138,128.69916,2024-10-18,22.511944444444445
DT_0029,거제도,34.80138,128.69916,2024-10-19,22.45611111111111
DT_0029,거제도,34.80138,128.69916,2024-10-20,21.565531619179986
DT_0029,거제도,34.80138,128.69916,2024-10-21,21.73004891684137
DT_0029,거제도,34.80138,128.69916,2024-10-22,21.74052741151978
DT_0029,거제도,34.80138,128.69916,2024-10-23,21.819415448851775
DT_0029,거제도,34.80138,128.69916,2024-10-24,21.70653231410702
DT_0029,거제도,34.80138,128.69916,2024-10-25,21.48517745302714
DT_0029,거제도,34.80138,128.69916,2024-10-26,21.254375
DT_0029,거제도,34.80138,128.69916,2024-10-27,21.195211658570436
DT_0029,거제도,34.80138,128.69916,2024-10-28,21.014166666666668
DT_0029,거제도,34.80138,128.69916,2024-10-29,20.849548924358086
DT_0029,거제도,34.80138,128.69916,2024-10-30,20.807841776544066
DT_0029,거제도,34.80138,128.69916,2024-10-31,20.62140375260598
DT_0029,거제도,34.80138,128.69916,2024-11-01,20.588346127006282
DT_0029,거제도,34.80138,128.69916,2024-11-02,20.561409630146546
DT_0029,거제도,34.80138,128.69916,2024-11-03,20.64885496183206
DT_0029,거제도,34.80138,128.69916,2024-11-04,20.666666666666668
DT_0031,거문도,34.02833,127.30888,2024-10-06,24.428144544822793
DT_0031,거문도,34.02833,127.30888,2024-10-07,24.212569444444444
DT_0031,거문도,34.02833,127.30888,2024-10-08,23.927550312283135
DT_0031,거문도,34.02833,127.30888,2024-10-09,23.77175572519084
DT_0031,거문도,34.02833,127.30888,2024-10-10,23.654791666666668
DT_0031,거문도,34.02833,127.30888,2024-10-11,23.723108952116586
DT_0031,거문도,34.02833,127.30888,2024-10-12,24.07591950034698
DT_0031,거문도,34.02833,127.30888,2024-10-13,24.06148507980569
DT_0031,거문도,34.02833,127.30888,2024-10-14,23.860791117279668
DT_0031,거문도,34.02833,127.30888,2024-10-15,23.7498957609451
DT_0031,거문도,34.02833,127.30888,2024-10-16,23.604024982650937
DT_0031,거문도,34.02833,127.30888,2024-10-17,23.46384455239417
DT_0031,거문도,34.02833,127.30888,2024-10-18,23.390700902151284
DT_0031,거문도,34.02833,127.30888,2024-10-19,23.225468424705067
DT_0031,거문도,34.02833,127.30888,2024-10-20,22.663566967383762
DT_0031,거문도,34.02833,127.30888,2024-10-21,22.504539106145252
DT_0031,거문도,34.02833,127.30888,2024-10-22,22.082859125607218
DT_0031,거문도,34.02833,127.30888,2024-10-23,22.097224149895908
DT_0031,거문도,34.02833,127.30888,2024-10-24,21.79276773296245
DT_0031,거문도,34.02833,127.30888,2024-10-25,21.69500346981263
DT_0031,거문도,34.02833,127.30888,2024-10-26,21.710409437890355
DT_0031,거문도,34.02833,127.30888,2024-10-27,21.57140874392783
DT_0031,거문도,34.02833,127.30888,2024-10-28,21.37689104788341
DT_0031,거문도,34.02833,127.30888,2024-10-29,21.218736988202636
DT_0031,거문도,34.02833,127.30888,2024-10-30,21.18567454798331
DT_0031,거문도,34.02833,127.30888,2024-10-31,21.09555863983345
DT_0031,거문도,34.02833,127.30888,2024-11-01,20.91951219512195
DT_0031,거문도,34.02833,127.30888,2024-11-02,20.791950034698125
DT_0031,거문도,34.02833,127.30888,2024-11-03,20.909507286606523
DT_0031,거문도,34.02833,127.30888,2024-11-04,21.022360248447203
DT_0035,흑산도,34.68416,125.43555,2024-10-06,21.003333333333334
DT_0035,흑산도,34.68416,125.43555,2024-10-07,20.88029146426093
DT_0035,흑산도,34.68416,125.43555,2024-10-08,20.97966689798751
DT_0035,흑산도,34.68416,125.43555,2024-10-09,21.052255378209576
DT_0035,흑산도,34.68416,125.43555,2024-10-10,21.265
DT_0035,흑산도,34.68416,125.43555,2024-10-11,21.43171408743928
DT_0035,흑산도,34.68416,125.43555,2024-10-12,21.52206800832755
DT_0035,흑산도,34.68416,125.43555,2024-10-13,21.332824427480915
DT_0035,흑산도,34.68416,125.43555,2024-10-14,21.06294240111034
DT_0035,흑산도,34.68416,125.43555,2024-10-15,20.89271339347675
DT_0035,흑산도,34.68416,125.43555,2024-10-16,20.788293802601377
DT_0035,흑산도,34.68416,125.43555,2024-10-17,20.476025017373175
DT_0035,흑산도,34.68416,125.43555,2024-10-18,20.095766828591255
DT_0035,흑산도,34.68416,125.43555,2024-10-19,19.879888656924148
DT_0035,흑산도,34.68416,125.43555,2024-10-20,19.165579458709228
DT_0035,흑산도,34.68416,125.43555,2024-10-21,18.892946927374304
DT_0035,흑산도,34.68416,125.43555,2024-10-22,19.16296038915914
DT_0035,흑산도,34.68416,125.43555,2024-10-23,19.1
DT_0035,흑산도,34.68416,125.43555,2024-10-24,18.963289382373354
DT_0035,흑산도,34.68416,125.43555,2024-10-25,18.791186675919498
DT_0035,흑산도,34.68416,125.43555,2024-10-26,18.845523941707146
DT_0035,흑산도,34.68416,125.43555,2024-10-27,18.969188063844552
DT_0035,흑산도,34.68416,125.43555,2024-10-28,18.872796668979877
DT_0035,흑산도,34.68416,125.43555,2024-10-29,18.809166666666666
DT_0035,흑산도,34.68416,125.43555,2024-10-30,18.909229701596114
DT_0035,흑산도,34.68416,125.43555,2024-10-31,18.87175572519084
DT_0035,흑산도,34.68416,125.43555,2024-11-01,18.7954829742877
DT_0035,흑산도,34.68416,125.43555,2024-11-02,18.594170714781402
DT_0035,흑산도,34.68416,125.43555,2024-11-03,18.657876474670367
DT_0035,흑산도,34.68416,125.43555,2024-11-04,18.691040462427743
DT_0037,어청도,36.11722,125.98472,2024-10-06,21.812526096033405
DT_0037,어청도,36.11722,125.98472,2024-10-07,21.746351633078525
DT_0037,어청도,36.11722,125.98472,2024-10-08,21.78736111111111
DT_0037,어청도,36.11722,125.98472,2024-10-09,21.765879082696316
DT_0037,어청도,36.11722,125.98472,2024-10-10,22.00778318276581
DT_0037,어청도,36.11722,125.98472,2024-10-11,21.94375
DT_0037,어청도,36.11722,125.98472,2024-10-12,21.976335877862596
DT_0037,어청도,36.11722,125.98472,2024-10-13,21.858929812369702
DT_0037,어청도,36.11722,125.98472,2024-10-14,21.806189151599444
DT_0037,어청도,36.11722,125.98472,2024-10-15,21.803888888888892
DT_0037,어청도,36.11722,125.98472,2024-10-16,21.671230020847812
DT_0037,어청도,36.11722,125.98472,2024-10-17,21.501111883252257
DT_0037,어청도,36.11722,125.98472,2024-10-18,21.355069444444442
DT_0037,어청도,36.11722,125.98472,2024-10-19,21.041944444444443
DT_0037,어청도,36.11722,125.98472,2024-10-20,20.56411682892907
DT_0037,어청도,36.11722,125.98472,2024-10-21,20.46013986013986
DT_0037,어청도,36.11722,125.98472,2024-10-22,20.657927677329624
DT_0037,어청도,36.11722,125.98472,2024-10-23,20.345
DT_0037,어청도,36.11722,125.98472,2024-10-24,19.950731707317072
DT_0037,어청도,36.11722,125.98472,2024-10-25,19.970069444444444
DT_0037,어청도,36.11722,125.98472,2024-10-26,20.126026443980518
DT_0037,어청도,36.11722,125.98472,2024-10-27,20.211111111111112
DT_0037,어청도,36.11722,125.98472,2024-10-28,19.89708130646282
DT_0037,어청도,36.11722,125.98472,2024-10-29,19.836319444444445
DT_0037,어청도,36.11722,125.98472,2024-10-30,19.788402777777776
DT_0037,어청도,36.11722,125.98472,2024-10-31,19.526875
DT_0037,어청도,36.11722,125.98472,2024-11-01,19.46972027972028
DT_0037,어청도,36.11722,125.98472,2024-11-02,19.21534722222222
DT_0037,어청도,36.11722,125.98472,2024-11-03,19.298681471200556
DT_0037,어청도,36.11722,125.98472,2024-11-04,19.4
DT_0061,삼천포,34.92416,128.06972,2024-10-06,25.23370551290998
DT_0061,삼천포,34.92416,128.06972,2024-10-07,24.83515406162465
DT_0061,삼천포,34.92416,128.06972,2024-10-08,24.599929775280902
DT_0061,삼천포,34.92416,128.06972,2024-10-09,24.60308988764045
DT_0061,삼천포,34.92416,128.06972,2024-10-10,24.394828791055208
DT_0061,삼천포,34.92416,128.06972,2024-10-11,24.36131284916201
DT_0061,삼천포,34.92416,128.06972,2024-10-12,24.440905923344946
DT_0061,삼천포,34.92416,128.06972,2024-10-13,24.507202797202797
DT_0061,삼천포,34.92416,128.06972,2024-10-14,24.397622377622376
DT_0061,삼천포,34.92416,128.06972,2024-10-15,24.31977559607293
DT_0061,삼천포,34.92416,128.06972,2024-10-16,24.385764375876576
DT_0061,삼천포,34.92416,128.06972,2024-10-17,24.33191042687194
DT_0061,삼천포,34.92416,128.06972,2024-10-18,24.17791754018169
DT_0061,삼천포,34.92416,128.06972,2024-10-19,24.173617914625613
DT_0061,삼천포,34.92416,128.06972,2024-10-20,23.87666900913563
DT_0061,삼천포,34.92416,128.06972,2024-10-21,23.455712270803946
DT_0061,삼천포,34.92416,128.06972,2024-10-22,23.25045359385904
DT_0061,삼천포,34.92416,128.06972,2024-10-23,22.90377094972067
DT_0061,삼천포,34.92416,128.06972,2024-10-24,22.469783670621077
DT_0061,삼천포,34.92416,128.06972,2024-10-25,22.31572720946416
DT_0061,삼천포,34.92416,128.06972,2024-10-26,22.2750173973556
DT_0061,삼천포,34.92416,128.06972,2024-10-27,22.3195530726257
DT_0061,삼천포,34.92416,128.06972,2024-10-28,22.218536585365854
DT_0061,삼천포,34.92416,128.06972,2024-10-29,22.106193458594294
DT_0061,삼천포,34.92416,128.06972,2024-10-30,22.035118219749652
DT_0061,삼천포,34.92416,128.06972,2024-10-31,21.902851182197494
DT_0061,삼천포,34.92416,128.06972,2024-11-01,21.682996515679445
DT_0061,삼천포,34.92416,128.06972,2024-11-02,21.51548611111111
DT_0061,삼천포,34.92416,128.06972,2024-11-03,21.39676511954993
DT_0061,삼천포,34.92416,128.06972,2024-11-04,21.579696969696972
DT_0062,마산,35.1975,128.57638,2024-10-06,25.142182070882555
DT_0062,마산,35.1975,128.57638,2024-10-07,24.772083333333335
DT_0062,마산,35.1975,128.57638,2024-10-08,24.388125000000002
DT_0062,마산,35.1975,128.57638,2024-10-09,24.2
DT_0062,마산,35.1975,128.57638,2024-10-10,24.007916666666667
DT_0062,마산,35.1975,128.57638,2024-10-11,23.85468424705066
DT_0062,마산,35.1975,128.57638,2024-10-12,23.920055517002083
DT_0062,마산,35.1975,128.57638,2024-10-13,23.94076655052265
DT_0062,마산,35.1975,128.57638,2024-10-14,23.84860724233983
DT_0062,마산,35.1975,128.57638,2024-10-15,23.83802914642609
DT_0062,마산,35.1975,128.57638,2024-10-16,23.83252258512856
DT_0062,마산,35.1975,128.57638,2024-10-17,23.817777777777778
DT_0062,마산,35.1975,128.57638,2024-10-18,23.753573907009024
DT_0062,마산,35.1975,128.57638,2024-10-19,23.694572025052192
DT_0062,마산,35.1975,128.57638,2024-10-20,23.575972222222223
DT_0062,마산,35.1975,128.57638,2024-10-21,23.545949720670393
DT_0062,마산,35.1975,128.57638,2024-10-22,23.421319444444443
DT_0062,마산,35.1975,128.57638,2024-10-23,23.31611111111111
DT_0062,마산,35.1975,128.57638,2024-10-24,22.965948575399583
DT_0062,마산,35.1975,128.57638,2024-10-25,22.705135322692573
DT_0062,마산,35.1975,128.57638,2024-10-26,22.517500000000002
DT_0062,마산,35.1975,128.57638,2024-10-27,22.416041666666665
DT_0062,마산,35.1975,128.57638,2024-10-28,22.219193324061198
DT_0062,마산,35.1975,128.57638,2024-10-29,22.032847222222223
DT_0062,마산,35.1975,128.57638,2024-10-30,21.89624217118998
DT_0062,마산,35.1975,128.57638,2024-10-31,21.67665045170257
DT_0062,마산,35.1975,128.57638,2024-11-01,21.464885496183204
DT_0062,마산,35.1975,128.57638,2024-11-02,21.499028452463566
DT_0062,마산,35.1975,128.57638,2024-11-03,21.500138792505204
DT_0062,마산,35.1975,128.57638,2024-11-04,21.57993827160494
DT_0063,가덕도,35.02417,128.81093,2024-10-06,24.027569444444442
DT_0063,가덕도,35.02417,128.81093,2024-10-07,23.89881944444444
DT_0063,가덕도,35.02417,128.81093,2024-10-08,23.95638888888889
DT_0063,가덕도,35.02417,128.81093,2024-10-09,23.698195697432336
DT_0063,가덕도,35.02417,128.81093,2024-10-10,23.562528216704287
DT_0063,가덕도,35.02417,128.81093,2024-10-11,23.727480916030537
DT_0063,가덕도,35.02417,128.81093,2024-10-12,23.78376127689105
DT_0063,가덕도,35.02417,128.81093,2024-10-13,23.632453092425294
DT_0063,가덕도,35.02417,128.81093,2024-10-14,23.533031988873436
DT_0063,가덕도,35.02417,128.81093,2024-10-15,23.60215277777778
DT_0063,가덕도,35.02417,128.81093,2024-10-16,23.575433726578762
DT_0063,가덕도,35.02417,128.81093,2024-10-17,23.037126995142263
DT_0063,가덕도,35.02417,128.81093,2024-10-18,23.05766828591256
DT_0063,가덕도,35.02417,128.81093,2024-10-19,23.025243393602228
DT_0063,가덕도,35.02417,128.81093,2024-10-20,21.70555170020819
DT_0063,가덕도,35.02417,128.81093,2024-10-21,21.747416201117318
DT_0063,가덕도,35.02417,128.81093,2024-10-22,21.901873698820264
DT_0063,가덕도,35.02417,128.81093,2024-10-23,21.635253296322
DT_0063,가덕도,35.02417,128.81093,2024-10-24,21.83152777777778
DT_0063,가덕도,35.02417,128.81093,2024-10-25,21.541417651146627
DT_0063,가덕도,35.02417,128.81093,2024-10-26,21.54482279360667
DT_0063,가덕도,35.02417,128.81093,2024-10-27,21.134559333795977
DT_0063,가덕도,35.02417,128.81093,2024-10-28,21.197501734906314
DT_0063,가덕도,35.02417,128.81093,2024-10-29,20.963705759888967
DT_0063,가덕도,35.02417,128.81093,2024-10-30,20.980404463040447
DT_0063,가덕도,35.02417,128.81093,2024-10-31,20.83622484385843
DT_0063,가덕도,35.02417,128.81093,2024-11-01,20.719222761970855
DT_0063,가덕도,35.02417,128.81093,2024-11-02,20.709930555555555
DT_0063,가덕도,35.02417,128.81093,2024-11-03,20.702428868841082
DT_0063,가덕도,35.02417,128.81093,2024-11-04,20.15590062111801
DT_0067,안흥,36.67463,126.12955,2024-10-06,23.115774843641418
DT_0067,안흥,36.67463,126.12955,2024-10-07,22.928174878556558
DT_0067,안흥,36.67463,126.12955,2024-10-08,22.819153365718254
DT_0067,안흥,36.67463,126.12955,2024-10-09,22.697067039106145
DT_0067,안흥,36.67463,126.12955,2024-10-10,22.64791086350975
DT_0067,안흥,36.67463,126.12955,2024-10-11,22.597847222222224
DT_0067,안흥,36.67463,126.12955,2024-10-12,22.582996515679444
DT_0067,안흥,36.67463,126.12955,2024-10-13,22.494015309672932
DT_0067,안흥,36.67463,126.12955,2024-10-14,22.390492713393478
DT_0067,안흥,36.67463,126.12955,2024-10-15,22.379776847977684
DT_0067,안흥,36.67463,126.12955,2024-10-16,22.233426573426573
DT_0067,안흥,36.67463,126.12955,2024-10-17,22.120125348189415
DT_0067,안흥,36.67463,126.12955,2024-10-18,22.032984658298464
DT_0067,안흥,36.67463,126.12955,2024-10-19,21.867522553782095
DT_0067,안흥,36.67463,126.12955,2024-10-20,21.633310201249135
DT_0067,안흥,36.67463,126.12955,2024-10-21,21.459831460674156
DT_0067,안흥,36.67463,126.12955,2024-10-22,21.33807531380753
DT_0067,안흥,36.67463,126.12955,2024-10-23,21.150936849410133
DT_0067,안흥,36.67463,126.12955,2024-10-24,20.925190839694654
DT_0067,안흥,36.67463,126.12955,2024-10-25,20.8663421418637
DT_0067,안흥,36.67463,126.12955,2024-10-26,20.87171646977067
DT_0067,안흥,36.67463,126.12955,2024-10-27,20.86949860724234
DT_0067,안흥,36.67463,126.12955,2024-10-28,20.801183844011142
DT_0067,안흥,36.67463,126.12955,2024-10-29,20.76436541143654
DT_0067,안흥,36.67463,126.12955,2024-10-30,20.69937543372658
DT_0067,안흥,36.67463,126.12955,2024-10-31,20.58313671061763
DT_0067,안흥,36.67463,126.12955,2024-11-01,20.466342817487856
DT_0067,안흥,36.67463,126.12955,2024-11-02,20.274739764052743
DT_0067,안흥,36.67463,126.12955,2024-11-03,20.32616238723109
DT_0067,안흥,36.67463,126.12955,2024-11-04,20.41137724550898
DT_0091,포항,36.05177,129.37627,2024-10-06,23.63572423398329
DT_0091,포항,36.05177,129.37627,2024-10-07,23.521790423317142
DT_0091,포항,36.05177,129.37627,2024-10-08,23.555107713690063
DT_0091,포항,36.05177,129.37627,2024-10-09,23.422809457579973
DT_0091,포항,36.05177,129.37627,2024-10-10,23.182720333102015
DT_0091,포항,36.05177,129.37627,2024-10-11,23.194791666666667
DT_0091,포항,36.05177,129.37627,2024-10-12,23.24670367800139
DT_0091,포항,36.05177,129.37627,2024-10-13,23.307569444444447
DT_0091,포항,36.05177,129.37627,2024-10-14,23.179708130646283
DT_0091,포항,36.05177,129.37627,2024-10-15,23.227827897293547
DT_0091,포항,36.05177,129.37627,2024-10-16,23.22609299097849
DT_0091,포항,36.05177,129.37627,2024-10-17,23.187092297015962
DT_0091,포항,36.05177,129.37627,2024-10-18,23.176960444136018
DT_0091,포항,36.05177,129.37627,2024-10-19,23.04266851980542
DT_0091,포항,36.05177,129.37627,2024-10-20,21.696527777777778
DT_0091,포항,36.05177,129.37627,2024-10-21,20.857302585604472
DT_0091,포항,36.05177,129.37627,2024-10-22,21.104100069492706
DT_0091,포항,36.05177,129.37627,2024-10-23,21.28915913829048
DT_0091,포항,36.05177,129.37627,2024-10-24,21.380988857938718
DT_0091,포항,36.05177,129.37627,2024-10-25,21.112227074235808
DT_0091,포항,36.05177,129.37627,2024-10-26,20.910347222222224
DT_0091,포항,36.05177,129.37627,2024-10-27,20.85058986814712
DT_0091,포항,36.05177,129.37627,2024-10-28,20.735392088827204
DT_0091,포항,36.05177,129.37627,2024-10-29,20.381124219292158
DT_0091,포항,36.05177,129.37627,2024-10-30,20.167129951355108
DT_0091,포항,36.05177,129.37627,2024-10-31,20.238819444444445
DT_0091,포항,36.05177,129.37627,2024-11-01,20.2028511821975
DT_0091,포항,36.05177,129.37627,2024-11-02,20.031089521165857
DT_0091,포항,36.05177,129.37627,2024-11-03,20.068055555555556
DT_0091,포항,36.05177,129.37627,2024-11-04,20.10231884057971
DT_0094,서거차도,34.25142,125.91544,2024-10-06,21.64367176634214
DT_0094,서거차도,34.25142,125.91544,2024-10-07,21.228194444444444
DT_0094,서거차도,34.25142,125.91544,2024-10-08,21.19694602272727
DT_0094,서거차도,34.25142,125.91544,2024-10-09,21.031020124913255
DT_0094,서거차도,34.25142,125.91544,2024-10-10,21.20715277777778
DT_0094,서거차도,34.25142,125.91544,2024-10-11,21.106532314107017
DT_0094,서거차도,34.25142,125.91544,2024-10-12,21.005837387074358
DT_0094,서거차도,34.25142,125.91544,2024-10-13,20.987430555555555
DT_0094,서거차도,34.25142,125.91544,2024-10-14,20.923039555863983
DT_0094,서거차도,34.25142,125.91544,2024-10-15,20.895343988881166
DT_0094,서거차도,34.25142,125.91544,2024-10-16,20.822137404580154
DT_0094,서거차도,34.25142,125.91544,2024-10-17,20.68956884561892
DT_0094,서거차도,34.25142,125.91544,2024-10-18,20.901319444444447
DT_0094,서거차도,34.25142,125.91544,2024-10-19,21.131849791376915
DT_0094,서거차도,34.25142,125.91544,2024-10-20,20.221651630811937
DT_0094,서거차도,34.25142,125.91544,2024-10-21,20.016829608938547
DT_0094,서거차도,34.25142,125.91544,2024-10-22,20.626754690757473
DT_0094,서거차도,34.25142,125.91544,2024-10-23,20.384652777777777
DT_0094,서거차도,34.25142,125.91544,2024-10-24,19.743393602225314
DT_0094,서거차도,34.25142,125.91544,2024-10-25,19.4998606271777
DT_0094,서거차도,34.25142,125.91544,2024-10-26,19.758750000000003
DT_0094,서거차도,34.25142,125.91544,2024-10-27,19.999305555555555
DT_0094,서거차도,34.25142,125.91544,2024-10-28,19.616180555555555
DT_0094,서거차도,34.25142,125.91544,2024-10-29,19.63467685892981
DT_0094,서거차도,34.25142,125.91544,2024-10-30,19.64394993045897
DT_0094,서거차도,34.25142,125.91544,2024-10-31,19.569193324061196
DT_0094,서거차도,34.25142,125.91544,2024-11-01,19.573194444444447
DT_0094,서거차도,34.25142,125.91544,2024-11-02,19.757700348432056
DT_0094,서거차도,34.25142,125.91544,2024-11-03,19.9063202247191
DT_0094,서거차도,34.25142,125.91544,2024-11-04,19.966565349544073
IE_0060,이어도,32.12277,125.18222,2024-10-06,25.542130919220057
IE_0060,이어도,32.12277,125.18222,2024-10-07,25.315100904662494
IE_0060,이어도,32.12277,125.18222,2024-10-08,25.200278164116828
IE_0060,이어도,32.12277,125.18222,2024-10-09,25.209255393180236
IE_0060,이어도,32.12277,125.18222,2024-10-10,25.279331941544882
IE_0060,이어도,32.12277,125.18222,2024-10-12,24.292561983471078
IE_0060,이어도,32.12277,125.18222,2024-10-13,24.412161223071575
IE_0060,이어도,32.12277,125.18222,2024-10-14,24.280362116991643
IE_0060,이어도,32.12277,125.18222,2024-10-15,24.516631871955465
IE_0060,이어도,32.12277,125.18222,2024-10-16,24.487473903966595
IE_0060,이어도,32.12277,125.18222,2024-10-17,24.57091162143354
IE_0060,이어도,32.12277,125.18222,2024-10-18,24.80348189415042
IE_0060,이어도,32.12277,125.18222,2024-10-19,25.00473867595819
IE_0060,이어도,32.12277,125.18222,2024-10-20,24.561463414634144
IE_0060,이어도,32.12277,125.18222,2024-10-21,24.47959610027855
IE_0060,이어도,32.12277,125.18222,2024-10-22,24.503896103896107
IE_0060,이어도,32.12277,125.18222,2024-10-23,24.287885985748215
IE_0060,이어도,32.12277,125.18222,2024-10-24,24.1297976273552
IE_0060,이어도,32.12277,125.18222,2024-10-25,23.77651567944251
IE_0060,이어도,32.12277,125.18222,2024-10-26,23.483500557413603
IE_0060,이어도,32.12277,125.18222,2024-10-27,23.585578947368422
IE_0060,이어도,32.12277,125.18222,2024-10-28,23.439769150052463
IE_0060,이어도,32.12277,125.18222,2024-10-29,23.371001390820584
IE_0060,이어도,32.12277,125.18222,2024-10-30,23.28630993745657
IE_0060,이어도,32.12277,125.18222,2024-10-31,23.173625608907447
IE_0060,이어도,32.12277,125.18222,2024-11-01,22.98221343873518
IE_0060,이어도,32.12277,125.18222,2024-11-02,22.661223071577485
IE_0060,이어도,32.12277,125.18222,2024-11-03,22.874146341463415
IE_0060,이어도,32.12277,125.18222,2024-11-04,22.79077380952381
IE_0061,신안가거초,33.94194,124.59277,2024-10-11,23.3
IE_0061,신안가거초,33.94194,124.59277,2024-10-14,23.17826923076923
IE_0061,신안가거초,33.94194,124.59277,2024-10-15,22.55762004175365
IE_0061,신안가거초,33.94194,124.59277,2024-10-16,22.371924947880473
IE_0061,신안가거초,33.94194,124.59277,2024-10-17,22.236224843858434
IE_0061,신안가거초,33.94194,124.59277,2024-10-18,22.481263011797363
IE_0061,신안가거초,33.94194,124.59277,2024-10-19,22.189268292682925
IE_0061,신안가거초,33.94194,124.59277,2024-10-20,21.944033496161897
IE_0061,신안가거초,33.94194,124.59277,2024-10-21,21.739208882720334
IE_0061,신안가거초,33.94194,124.59277,2024-10-22,21.795694444444443
IE_0061,신안가거초,33.94194,124.59277,2024-10-23,21.331805555555555
IE_0061,신안가거초,33.94194,124.59277,2024-10-24,21.23088133240805
IE_0061,신안가거초,33.94194,124.59277,2024-10-25,20.7930644019816
IE_0061,신안가거초,33.94194,124.59277,2024-10-26,20.88336842105263
IE_0061,신안가거초,33.94194,124.59277,2024-10-27,20.951779483600838
IE_0061,신안가거초,33.94194,124.59277,2024-10-28,20.834193998604324
IE_0061,신안가거초,33.94194,124.59277,2024-10-29,20.670931849791376
IE_0061,신안가거초,33.94194,124.59277,2024-10-30,20.595
IE_0061,신안가거초,33.94194,124.59277,2024-10-31,20.48643006263048
IE_0061,신안가거초,33.94194,124.59277,2024-11-01,20.357681564245812
IE_0061,신안가거초,33.94194,124.59277,2024-11-02,20.314146341463413
IE_0061,신안가거초,33.94194,124.59277,2024-11-03,20.31346287300486
IE_0061,신안가거초,33.94194,124.59277,2024-11-04,20.462616822429908
IE_0062,옹진소청초,37.42305,124.73805,2024-10-06,22.236097212294496
IE_0062,옹진소청초,37.42305,124.73805,2024-10-07,21.842846924177397
IE_0062,옹진소청초,37.42305,124.73805,2024-10-08,21.732367849384506
IE_0062,옹진소청초,37.42305,124.73805,2024-10-09,22.226285714285712
IE_0062,옹진소청초,37.42305,124.73805,2024-10-10,22.25557955363571
IE_0062,옹진소청초,37.42305,124.73805,2024-10-11,22.06491354466859
IE_0062,옹진소청초,37.42305,124.73805,2024-10-12,22.196783416726234
IE_0062,옹진소청초,37.42305,124.73805,2024-10-13,22.235294117647058
IE_0062,옹진소청초,37.42305,124.73805,2024-10-14,22.149682875264272
IE_0062,옹진소청초,37.42305,124.73805,2024-10-15,22.11789321789322
IE_0062,옹진소청초,37.42305,124.73805,2024-10-16,22.016491228070176
IE_0062,옹진소청초,37.42305,124.73805,2024-10-17,22.10957746478873
IE_0062,옹진소청초,37.42305,124.73805,2024-10-18,21.961285814116003
IE_0062,옹진소청초,37.42305,124.73805,2024-10-19,20.82776617954071
IE_0062,옹진소청초,37.42305,124.73805,2024-10-20,20.629088277858177
IE_0062,옹진소청초,37.42305,124.73805,2024-10-21,20.779368658399097
IE_0062,옹진소청초,37.42305,124.73805,2024-10-22,20.40125523012552
IE_0062,옹진소청초,37.42305,124.73805,2024-10-23,19.743853342918765
IE_0062,옹진소청초,37.42305,124.73805,2024-10-24,19.4
